EntityKey,AccountKey,IdentifierValue,IdentifierValueSSN,AddressKey,AccountPeriodKey,CaseID
1453616,6726129,474290640,474-29-0640,6618738,5626699,3519378
1453617,6726128,628016414,628-01-6414,6618696,5626700,3519379
1453618,6726127,221601696,221-60-1696,6452878,5626701,3519380
1453619,6726126,742005520,742-00-5520,6618973,5626702,3519381
1453620,6726125,966248230,966-24-8230,6454125,5626703,3519382
1453621,6726124,365299472,365-29-9472,6452935,5626704,3519383
1453622,6726123,371384960,371-38-4960,6453658,5626705,3519384
1453623,6726122,243462193,243-46-2193,6619519,5626706,3519385
1453624,6726121,747271520,747-27-1520,6453104,5626707,3519386
1453625,6726120,845641647,845-64-1647,6453334,5626708,3519387
1453626,6726119,284142021,284-14-2021,6453101,5626709,3519388
1453627,6726118,725659492,725-65-9492,6618544,5626710,3519389
1453628,6726117,866447157,866-44-7157,6619130,5626711,3519390
1453629,6726116,375253946,375-25-3946,6453442,5626712,3519391
1453630,6726115,471855025,471-85-5025,6453149,5626713,3519392
1453631,6726114,261140105,261-14-0105,6453377,5626714,3519393
1453632,6726113,335887658,335-88-7658,6618747,5626715,3519394
1453633,6726112,822565073,822-56-5073,6619578,5626716,3519395
1453634,6726111,248306008,248-30-6008,6618763,5626717,3519396
1453635,6726110,378684386,378-68-4386,6618717,5626718,3519397
1453636,6726109,347016402,347-01-6402,6618659,5626719,3519398
1453637,6726108,183970435,183-97-0435,6618915,5626720,3519399
1453638,6726107,835041246,835-04-1246,6620206,5626721,3519400
1453639,6726106,397560812,397-56-0812,6622380,5626722,3519401
1453640,6726105,253073336,253-07-3336,6452789,5626723,3519402
1453641,6726104,462878990,462-87-8990,6453357,5626724,3519403
1453642,6726103,888456241,888-45-6241,6453641,5626725,3519404
1453643,6726102,796003578,796-00-3578,6622503,5626726,3519405
1453644,6726101,911163925,911-16-3925,6618620,5626727,3519406
1453645,6726100,152463832,152-46-3832,6618678,5626728,3519407
1453646,6726099,678106722,678-10-6722,6618761,5626729,3519408
1453647,6726098,616106047,616-10-6047,6618573,5626730,3519409
1453648,6726097,648331143,648-33-1143,6453073,5626731,3519410
1453649,6726096,756464259,756-46-4259,6619672,5626732,3519411
1453650,6726095,922319380,922-31-9380,6620133,5626733,3519412
1453651,6726094,987775531,987-77-5531,6619103,5626734,3519413
1453652,6726093,457777007,457-77-7007,6619111,5626735,3519414
1453653,6726092,226767405,226-76-7405,6452838,5626736,3519415
1453654,6726091,533139560,533-13-9560,6452848,5626737,3519416
1453655,6726090,496414577,496-41-4577,6619894,5626738,3519417
1453656,6726089,449500407,449-50-0407,6453561,5626739,3519418
1453657,6726088,361352261,361-35-2261,6452782,5626740,3519419
1453658,6726087,671675348,671-67-5348,6619260,5626741,3519420
1453659,6726086,417396558,417-39-6558,6618585,5626742,3519421
1453660,6726085,619239211,619-23-9211,6452872,5626743,3519422
1453661,6726084,684273499,684-27-3499,6619420,5626744,3519423
1453662,6726083,581767633,581-76-7633,6618889,5626745,3519424
1453663,6726082,412878202,412-87-8202,6619106,5626746,3519425
1453664,6726081,468966647,468-96-6647,6619015,5626747,3519426
1453665,6726080,348087779,348-08-7779,6618555,5626748,3519427
1453666,6726079,871836331,871-83-6331,6618442,5626749,3519428
1453667,6726078,325254017,325-25-4017,6452810,5626750,3519429
1453668,6726077,346640246,346-64-0246,6452966,5626751,3519430
1453669,6726076,521701858,521-70-1858,6618820,5626752,3519431
1453670,6726075,429697213,429-69-7213,6619537,5626753,3519432
1453671,6726074,178927713,178-92-7713,6453141,5626754,3519433
1453672,6726073,488614331,488-61-4331,6453364,5626755,3519434
1453673,6726072,568638277,568-63-8277,6618557,5626756,3519435
1453674,6726071,182366593,182-36-6593,6619602,5626757,3519436
1453675,6726070,711430743,711-43-0743,6619936,5626758,3519437
1453676,6726069,285821633,285-82-1633,6452975,5626759,3519438
1453677,6726068,986200362,986-20-0362,6619214,5626760,3519439
1453678,6726067,152960550,152-96-0550,6452797,5626761,3519440
1453679,6726066,533669348,533-66-9348,6618954,5626762,3519441
1453680,6726065,963942092,963-94-2092,6619062,5626763,3519442
1453681,6726064,465776683,465-77-6683,6619401,5626764,3519443
1453682,6726063,751427226,751-42-7226,6453042,5626765,3519444
1453683,6726062,141577040,141-57-7040,6620558,5626766,3519445
1453684,6726061,476156852,476-15-6852,6618538,5626767,3519446
1453685,6726060,476818367,476-81-8367,6618990,5626768,3519447
1453686,6726059,392296023,392-29-6023,6452970,5626769,3519448
1453687,6726058,154227091,154-22-7091,6452803,5626770,3519449
1453688,6726057,891063350,891-06-3350,6619898,5626771,3519450
1453689,6726056,654341634,654-34-1634,6452815,5626772,3519451
1453690,6726055,481846582,481-84-6582,6453017,5626773,3519452
1453691,6726054,559386782,559-38-6782,6452968,5626774,3519453
1453692,6726053,746856297,746-85-6297,6619722,5626775,3519454
1453693,6726052,961799792,961-79-9792,6619331,5626776,3519455
1453694,6726051,512932608,512-93-2608,6620130,5626777,3519456
1453695,6726050,269837029,269-83-7029,6619090,5626778,3519457
1453696,6726049,694043841,694-04-3841,6453321,5626779,3519458
1453697,6726048,746248978,746-24-8978,6618484,5626780,3519459
1453698,6726047,115734193,115-73-4193,6619822,5626781,3519460
1453699,6726046,212844505,212-84-4505,6452742,5626782,3519461
1453700,6726045,565116224,565-11-6224,6618667,5626783,3519462
1453701,6726044,877423886,877-42-3886,6619270,5626784,3519463
1453702,6726043,155751696,155-75-1696,6618736,5626785,3519464
1453703,6726042,145043123,145-04-3123,6453223,5626786,3519465
1453704,6726041,975632151,975-63-2151,6618560,5626787,3519466
1453705,6726040,637521373,637-52-1373,6452969,5626788,3519467
1453706,6726039,391550428,391-55-0428,6453166,5626789,3519468
1453707,6726038,547695426,547-69-5426,6453161,5626790,3519469
1453708,6726037,855338190,855-33-8190,6618584,5626791,3519470
1453709,6726036,162397896,162-39-7896,6618510,5626792,3519471
1453710,6726035,461591299,461-59-1299,6453030,5626793,3519472
1453711,6726034,449808571,449-80-8571,6452723,5626794,3519473
1453712,6726033,321846341,321-84-6341,6452831,5626795,3519474
1453713,6726032,936554766,936-55-4766,6618612,5626796,3519475
1453714,6726031,421429980,421-42-9980,6453262,5626797,3519476
1453715,6726030,231777586,231-77-7586,6619365,5626798,3519477
1453716,6726029,969889773,969-88-9773,6453512,5626799,3519478
1453717,6726028,927575930,927-57-5930,6453639,5626800,3519479
1453718,6726027,427633431,427-63-3431,6620147,5626801,3519480
1453719,6726026,184276781,184-27-6781,6452820,5626802,3519481
1453720,6726025,115455700,115-45-5700,6453063,5626803,3519482
1453721,6726024,971253016,971-25-3016,6453067,5626804,3519483
1453722,6726023,942717231,942-71-7231,6454169,5626805,3519484
1453723,6726022,356995102,356-99-5102,6452717,5626806,3519485
1453724,6726021,815292389,815-29-2389,6452731,5626807,3519486
1453725,6726020,643924577,643-92-4577,6453066,5626808,3519487
1453726,6726019,231201233,231-20-1233,6618567,5626809,3519488
1453727,6726018,358760793,358-76-0793,6453032,5626810,3519489
1453728,6726017,844607240,844-60-7240,6452887,5626811,3519490
1453729,6726016,883378453,883-37-8453,6452793,5626812,3519491
1453730,6726015,523599942,523-59-9942,6453074,5626813,3519492
1453731,6726014,367728471,367-72-8471,6453099,5626814,3519493
1453732,6726013,299312131,299-31-2131,6452904,5626815,3519494
1453733,6726012,864436121,864-43-6121,6619485,5626816,3519495
1453734,6726011,658203778,658-20-3778,6452914,5626817,3519496
1453735,6726010,497352424,497-35-2424,6453547,5626818,3519497
1453736,6726009,184233455,184-23-3455,6452863,5626819,3519498
1453737,6726008,619857199,619-85-7199,6618441,5626820,3519499
1453738,6726007,178001701,178-00-1701,6453431,5626821,3519500
1453739,6726006,182864330,182-86-4330,6453291,5626822,3519501
1453740,6726005,334902693,334-90-2693,6620485,5626823,3519502
1453741,6726004,872693858,872-69-3858,6452830,5626824,3519503
1453742,6726003,285080481,285-08-0481,6620393,5626825,3519504
1453743,6726002,154608930,154-60-8930,6618900,5626826,3519505
1453744,6726001,733953485,733-95-3485,6453378,5626827,3519506
1453745,6726000,384513795,384-51-3795,6619226,5626828,3519507
1453746,6725999,491006818,491-00-6818,6618783,5626829,3519508
1453747,6725998,481598352,481-59-8352,6452885,5626830,3519509
1453748,6725997,557138875,557-13-8875,6453465,5626831,3519510
1453749,6725996,495210301,495-21-0301,6453532,5626832,3519511
1453750,6725995,638661270,638-66-1270,6453601,5626833,3519512
1453751,6725994,926310347,926-31-0347,6618572,5626834,3519513
1453752,6725993,785723598,785-72-3598,6452755,5626835,3519514
1453753,6725992,392878585,392-87-8585,6452783,5626836,3519515
1453754,6725991,241625320,241-62-5320,6453627,5626837,3519516
1453755,6725990,413432757,413-43-2757,6618791,5626838,3519517
1453756,6725989,523312192,523-31-2192,6452899,5626839,3519518
1453757,6725988,985357897,985-35-7897,6452953,5626840,3519519
1453758,6725987,312240970,312-24-0970,6620657,5626841,3519520
1453759,6725986,666782839,666-78-2839,6618918,5626842,3519521
1453760,6725985,693038620,693-03-8620,6452807,5626843,3519522
1453761,6725984,861108217,861-10-8217,6620169,5626844,3519523
1453762,6725983,522159143,522-15-9143,6618874,5626845,3519524
1453763,6725982,475021914,475-02-1914,6618888,5626846,3519525
1453764,6725981,946188154,946-18-8154,6452957,5626847,3519526
1453765,6725980,113281362,113-28-1362,6453157,5626848,3519527
1453766,6725979,437781269,437-78-1269,6619355,5626849,3519528
1453767,6725978,594875232,594-87-5232,6618907,5626850,3519529
1453768,6725977,942654001,942-65-4001,6619332,5626851,3519530
1453769,6725976,734051361,734-05-1361,6452934,5626852,3519531
1453770,6725975,738201965,738-20-1965,6618803,5626853,3519532
1453771,6725974,411522509,411-52-2509,6618436,5626854,3519533
1453772,6725973,144962974,144-96-2974,6452924,5626855,3519534
1453773,6725972,938083820,938-08-3820,6618713,5626856,3519535
1453774,6725971,187756031,187-75-6031,6452695,5626857,3519536
1453775,6725970,887308081,887-30-8081,6452943,5626858,3519537
1453776,6725969,382066577,382-06-6577,6618422,5626859,3519538
1453777,6725968,164671669,164-67-1669,6452825,5626860,3519539
1453778,6725967,984451811,984-45-1811,6619394,5626861,3519540
1453779,6725966,494572481,494-57-2481,6453339,5626862,3519541
1453780,6725965,499075308,499-07-5308,6618480,5626863,3519542
1453781,6725964,731328319,731-32-8319,6452667,5626864,3519543
1453782,6725963,597306059,597-30-6059,6452951,5626865,3519544
1453783,6725962,161807706,161-80-7706,6452822,5626866,3519545
1453784,6725961,149115015,149-11-5015,6618508,5626867,3519546
1453785,6725960,836177770,836-17-7770,6618795,5626868,3519547
1453786,6725959,657312991,657-31-2991,6618731,5626869,3519548
1453787,6725958,799550600,799-55-0600,6453481,5626870,3519549
1453788,6725957,889789927,889-78-9927,6452932,5626871,3519550
1453789,6725956,323666558,323-66-6558,6453061,5626872,3519551
1453790,6725955,952222217,952-22-2217,6452852,5626873,3519552
1453791,6725954,564069458,564-06-9458,6618496,5626874,3519553
1453792,6725953,775860794,775-86-0794,6453137,5626875,3519554
1453793,6725952,563597155,563-59-7155,6618559,5626876,3519555
1453794,6725951,587725287,587-72-5287,6453043,5626877,3519556
1453795,6725950,753746631,753-74-6631,6618537,5626878,3519557
1453796,6725949,365436487,365-43-6487,6619456,5626879,3519558
1453797,6725948,551557576,551-55-7576,6618420,5626880,3519559
1453798,6725947,391530661,391-53-0661,6618628,5626881,3519560
1453799,6725946,218235139,218-23-5139,6452894,5626882,3519561
1453800,6725945,731733851,731-73-3851,6453145,5626883,3519562
1453801,6725944,949223472,949-22-3472,6618847,5626884,3519563
1453802,6725943,574508927,574-50-8927,6453085,5626885,3519564
1453803,6725942,986823921,986-82-3921,6452703,5626886,3519565
1453804,6725941,247430392,247-43-0392,6618413,5626887,3519566
1453805,6725940,378402694,378-40-2694,6452766,5626888,3519567
1453806,6725939,348194664,348-19-4664,6452997,5626889,3519568
1453807,6725938,729929031,729-92-9031,6619826,5626890,3519569
1453808,6725937,235398786,235-39-8786,6619124,5626891,3519570
1453809,6725936,868577143,868-57-7143,6452859,5626892,3519571
1453810,6725935,861590964,861-59-0964,6452694,5626893,3519572
1453811,6725934,676833976,676-83-3976,6618419,5626894,3519573
1453812,6725933,396519416,396-51-9416,6453176,5626895,3519574
1453813,6725932,753830950,753-83-0950,6453136,5626896,3519575
1453814,6725931,922335365,922-33-5365,6618428,5626897,3519576
1453815,6725930,416186072,416-18-6072,6618634,5626898,3519577
1453816,6725929,595322190,595-32-2190,6618531,5626899,3519578
1453817,6725928,219555637,219-55-5637,6619651,5626900,3519579
1453818,6725927,257650604,257-65-0604,6453125,5626901,3519580
1453819,6725926,596127436,596-12-7436,6453123,5626902,3519581
1453820,6725925,832298052,832-29-8052,6452713,5626903,3519582
1453821,6725924,622656348,622-65-6348,6620416,5626904,3519583
1453822,6725923,664158710,664-15-8710,6452716,5626905,3519584
1453823,6725922,258525776,258-52-5776,6453003,5626906,3519585
1453824,6725921,746248220,746-24-8220,6453078,5626907,3519586
1453825,6725920,266368910,266-36-8910,6453098,5626908,3519587
1453826,6725919,785303996,785-30-3996,6452688,5626909,3519588
1453827,6725918,636651977,636-65-1977,6619951,5626910,3519589
1453828,6725917,266788022,266-78-8022,6618369,5626911,3519590
1453829,6725916,769900780,769-90-0780,6618699,5626912,3519591
1453830,6725915,196491368,196-49-1368,6618600,5626913,3519592
1453831,6725914,315431559,315-43-1559,6452657,5626914,3519593
1453832,6725913,359189520,359-18-9520,6618913,5626915,3519594
1453833,6725912,825092702,825-09-2702,6452778,5626916,3519595
1453834,6725911,421750436,421-75-0436,6619828,5626917,3519596
1453835,6725910,269659398,269-65-9398,6618727,5626918,3519597
1453836,6725909,514355022,514-35-5022,6618373,5626919,3519598
1453837,6725908,763948640,763-94-8640,6452987,5626920,3519599
1453838,6725907,784135409,784-13-5409,6452851,5626921,3519600
1453839,6725906,463921030,463-92-1030,6619033,5626922,3519601
1453840,6725905,151307474,151-30-7474,6618851,5626923,3519602
1453841,6725904,744788292,744-78-8292,6453091,5626924,3519603
1453842,6725903,861554035,861-55-4035,6453006,5626925,3519604
1453843,6725902,533926990,533-92-6990,6618358,5626926,3519605
1453844,6725901,239718338,239-71-8338,6619612,5626927,3519606
1453845,6725900,714600831,714-60-0831,6618827,5626928,3519607
1453846,6725899,541617240,541-61-7240,6454046,5626929,3519608
1453847,6725898,897849783,897-84-9783,6618387,5626930,3519609
1453848,6725897,665976348,665-97-6348,6619545,5626931,3519610
1453849,6725896,574558419,574-55-8419,6618379,5626932,3519611
1453850,6725895,516536729,516-53-6729,6618599,5626933,3519612
1453851,6725894,593869177,593-86-9177,6453062,5626934,3519613
1453852,6725893,149578595,149-57-8595,6453276,5626935,3519614
1453853,6725892,224436233,224-43-6233,6618341,5626936,3519615
1453854,6725891,124768671,124-76-8671,6453625,5626937,3519616
1453855,6725890,252558230,252-55-8230,6452812,5626938,3519617
1453856,6725889,966143505,966-14-3505,6618998,5626939,3519618
1453857,6725888,172602762,172-60-2762,6618556,5626940,3519619
1453858,6725887,472609855,472-60-9855,6618715,5626941,3519620
1453859,6725886,764996895,764-99-6895,6618788,5626942,3519621
1453860,6725885,161389380,161-38-9380,6619304,5626943,3519622
1453861,6725884,176709296,176-70-9296,6618363,5626944,3519623
1453862,6725883,195107952,195-10-7952,6453001,5626945,3519624
1453863,6725882,329998392,329-99-8392,6453288,5626946,3519625
1453864,6725881,288849061,288-84-9061,6619554,5626947,3519626
1453865,6725880,727840873,727-84-0873,6452819,5626948,3519627
1453866,6725879,711138246,711-13-8246,6453266,5626949,3519628
1453867,6725878,338443407,338-44-3407,6618792,5626950,3519629
1453868,6725877,233549927,233-54-9927,6453502,5626951,3519630
1453869,6725876,868538794,868-53-8794,6618637,5626952,3519631
1453870,6725875,169795722,169-79-5722,6619297,5626953,3519632
1453871,6725874,546206234,546-20-6234,6453093,5626954,3519633
1453872,6725873,988498946,988-49-8946,6618993,5626955,3519634
1453873,6725872,751341858,751-34-1858,6619761,5626956,3519635
1453874,6725871,721024238,721-02-4238,6453776,5626957,3519636
1453875,6725870,513585105,513-58-5105,6620380,5626958,3519637
1453876,6725869,172793165,172-79-3165,6453058,5626959,3519638
1453877,6725868,196511568,196-51-1568,6618618,5626960,3519639
1453878,6725867,235417466,235-41-7466,6618452,5626961,3519640
1453879,6725866,829045038,829-04-5038,6619938,5626962,3519641
1453880,6725865,623674703,623-67-4703,6453220,5626963,3519642
1453881,6725864,184263832,184-26-3832,6452986,5626964,3519643
1453882,6725863,223477300,223-47-7300,6452752,5626965,3519644
1453883,6725862,399591258,399-59-1258,6618393,5626966,3519645
1453884,6725861,322878365,322-87-8365,6452727,5626967,3519646
1453885,6725860,944276054,944-27-6054,6618448,5626968,3519647
1453886,6725859,917353757,917-35-3757,6452696,5626969,3519648
1453887,6725858,843948012,843-94-8012,6453120,5626970,3519649
1453888,6725857,375511633,375-51-1633,6618799,5626971,3519650
1453889,6725856,311111088,311-11-1088,6452829,5626972,3519651
1453890,6725855,943688579,943-68-8579,6618307,5626973,3519652
1453891,6725854,674923537,674-92-3537,6618629,5626974,3519653
1453892,6725853,715609488,715-60-9488,6618621,5626975,3519654
1453893,6725852,273113522,273-11-3522,6452845,5626976,3519655
1453894,6725851,374153440,374-15-3440,6618402,5626977,3519656
1453895,6725850,341559582,341-55-9582,6619031,5626978,3519657
1453896,6725849,529646386,529-64-6386,6454681,5626979,3519658
1453897,6725848,319370248,319-37-0248,6618877,5626980,3519659
1453898,6725847,863970576,863-97-0576,6621800,5626981,3519660
1453899,6725846,593477880,593-47-7880,6452795,5626982,3519661
1453900,6725845,967027926,967-02-7926,6618658,5626983,3519662
1453901,6725844,776087450,776-08-7450,6452669,5626984,3519663
1453902,6725843,735227767,735-22-7767,6618398,5626985,3519664
1453903,6725842,999238232,999-23-8232,6618367,5626986,3519665
1453904,6725841,757663365,757-66-3365,6618333,5626987,3519666
1453905,6725840,473564289,473-56-4289,6619923,5626988,3519667
1453906,6725839,923687206,923-68-7206,6453135,5626989,3519668
1453907,6725838,945302124,945-30-2124,6618551,5626990,3519669
1453908,6725837,948028135,948-02-8135,6452674,5626991,3519670
1453909,6725836,761990220,761-99-0220,6452954,5626992,3519671
1453910,6725835,196601108,196-60-1108,6452725,5626993,3519672
1453911,6725834,312229504,312-22-9504,6619778,5626994,3519673
1453912,6725833,698003036,698-00-3036,6452735,5626995,3519674
1453913,6725832,231386470,231-38-6470,6452832,5626996,3519675
1453914,6725831,335001694,335-00-1694,6619603,5626997,3519676
1453915,6725830,496980635,496-98-0635,6618588,5626998,3519677
1453916,6725829,451889164,451-88-9164,6453153,5626999,3519678
1453917,6725828,483122653,483-12-2653,6618368,5627000,3519679
1453918,6725827,657538707,657-53-8707,6452906,5627001,3519680
1453919,6725826,778454396,778-45-4396,6619397,5627002,3519681
1453920,6725825,654153756,654-15-3756,6618653,5627003,3519682
1453921,6725824,993884300,993-88-4300,6618301,5627004,3519683
1453922,6725823,715423758,715-42-3758,6619258,5627005,3519684
1453923,6725822,353358858,353-35-8858,6618303,5627006,3519685
1453924,6725821,621376806,621-37-6806,6618481,5627007,3519686
1453925,6725820,868941957,868-94-1957,6618594,5627008,3519687
1453926,6725819,744431778,744-43-1778,6618646,5627009,3519688
1453927,6725818,249608243,249-60-8243,6452920,5627010,3519689
1453928,6725817,287414163,287-41-4163,6452721,5627011,3519690
1453929,6725816,211003265,211-00-3265,6618692,5627012,3519691
1453930,6725815,723311396,723-31-1396,6453436,5627013,3519692
1453931,6725814,893115937,893-11-5937,6452972,5627014,3519693
1453932,6725813,132637499,132-63-7499,6453071,5627015,3519694
1453933,6725812,754665331,754-66-5331,6453542,5627016,3519695
1453934,6725811,286965774,286-96-5774,6452738,5627017,3519696
1453935,6725810,429602777,429-60-2777,6618592,5627018,3519697
1453936,6725809,841021075,841-02-1075,6453615,5627019,3519698
1453937,6725808,174644780,174-64-4780,6453453,5627020,3519699
1453938,6725807,871851146,871-85-1146,6618774,5627021,3519700
1453939,6725806,559504599,559-50-4599,6452883,5627022,3519701
1453940,6725805,234368704,234-36-8704,6453312,5627023,3519702
1453941,6725804,274372559,274-37-2559,6618388,5627024,3519703
1453942,6725803,998075747,998-07-5747,6618459,5627025,3519704
1453943,6725802,585893558,585-89-3558,6452926,5627026,3519705
1453944,6725801,143042509,143-04-2509,6453244,5627027,3519706
1453945,6725800,986769926,986-76-9926,6619086,5627028,3519707
1453946,6725799,475679724,475-67-9724,6618881,5627029,3519708
1453947,6725798,116759021,116-75-9021,6621919,5627030,3519709
1453948,6725797,136979578,136-97-9578,6620132,5627031,3519710
1453949,6725796,818732954,818-73-2954,6619180,5627032,3519711
1453950,6725795,969632226,969-63-2226,6452995,5627033,3519712
1453951,6725794,844084497,844-08-4497,6452805,5627034,3519713
1453952,6725793,536298152,536-29-8152,6619084,5627035,3519714
1453953,6725792,857923831,857-92-3831,6618475,5627036,3519715
1453954,6725791,558689812,558-68-9812,6452665,5627037,3519716
1453955,6725790,428064544,428-06-4544,6618662,5627038,3519717
1453956,6725789,713774435,713-77-4435,6618294,5627039,3519718
1453957,6725788,122129557,122-12-9557,6618959,5627040,3519719
1453958,6725787,226273328,226-27-3328,6452691,5627041,3519720
1453959,6725786,384187888,384-18-7888,6618521,5627042,3519721
1453960,6725785,862597404,862-59-7404,6452882,5627043,3519722
1453961,6725784,246929127,246-92-9127,6618453,5627044,3519723
1453962,6725783,967805226,967-80-5226,6619034,5627045,3519724
1453963,6725782,845144848,845-14-4848,6454891,5627046,3519725
1453964,6725781,413720055,413-72-0055,6618234,5627047,3519726
1453965,6725780,795049189,795-04-9189,6452802,5627048,3519727
1453966,6725779,473356590,473-35-6590,6620579,5627049,3519728
1453967,6725778,828998621,828-99-8621,6618284,5627050,3519729
1453968,6725777,659145544,659-14-5544,6618383,5627051,3519730
1453969,6725776,579781089,579-78-1089,6452818,5627052,3519731
1453970,6725775,515261273,515-26-1273,6618269,5627053,3519732
1453971,6725774,974637070,974-63-7070,6618438,5627054,3519733
1453972,6725773,252596258,252-59-6258,6452955,5627055,3519734
1453973,6725772,358465881,358-46-5881,6453259,5627056,3519735
1453974,6725771,958336919,958-33-6919,6453399,5627057,3519736
1453975,6725770,942016060,942-01-6060,6619014,5627058,3519737
1453976,6725769,597183799,597-18-3799,6618674,5627059,3519738
1453977,6725768,576611327,576-61-1327,6618944,5627060,3519739
1453978,6725767,976140729,976-14-0729,6452978,5627061,3519740
1453979,6725766,721403377,721-40-3377,6618315,5627062,3519741
1453980,6725765,619904855,619-90-4855,6619356,5627063,3519742
1453981,6725764,611197361,611-19-7361,6452799,5627064,3519743
1453982,6725763,161491966,161-49-1966,6452765,5627065,3519744
1453983,6725762,243823902,243-82-3902,6452909,5627066,3519745
1453984,6725761,995219522,995-21-9522,6618447,5627067,3519746
1453985,6725760,683645776,683-64-5776,6452861,5627068,3519747
1453986,6725759,414254963,414-25-4963,6452753,5627069,3519748
1453987,6725758,597805860,597-80-5860,6619442,5627070,3519749
1453988,6725757,289443246,289-44-3246,6620360,5627071,3519750
1453989,6725756,545767251,545-76-7251,6618491,5627072,3519751
1453990,6725755,689178732,689-17-8732,6618486,5627073,3519752
1453991,6725754,943278871,943-27-8871,6618263,5627074,3519753
1453992,6725753,723382423,723-38-2423,6453079,5627075,3519754
1453993,6725752,768542793,768-54-2793,6452800,5627076,3519755
1453994,6725751,347831239,347-83-1239,6452890,5627077,3519756
1453995,6725750,666745947,666-74-5947,6618227,5627078,3519757
1453996,6725749,547226325,547-22-6325,6621348,5627079,3519758
1453997,6725748,784000947,784-00-0947,6618309,5627080,3519759
1453998,6725747,986127202,986-12-7202,6618410,5627081,3519760
1453999,6725746,593009833,593-00-9833,6453570,5627082,3519761
1454000,6725745,792705244,792-70-5244,6452660,5627083,3519762
1454001,6725744,592031304,592-03-1304,6618372,5627084,3519763
1454002,6725743,674288952,674-28-8952,6452798,5627085,3519764
1454003,6725742,225412547,225-41-2547,6620443,5627086,3519765
1454004,6725741,728954059,728-95-4059,6452817,5627087,3519766
1454005,6725740,717330434,717-33-0434,6453047,5627088,3519767
1454006,6725739,731204890,731-20-4890,6452876,5627089,3519768
1454007,6725738,811126687,811-12-6687,6452658,5627090,3519769
1454008,6725737,434604103,434-60-4103,6618741,5627091,3519770
1454009,6725736,674761481,674-76-1481,6618179,5627092,3519771
1454010,6725735,625236712,625-23-6712,6618176,5627093,3519772
1454011,6725734,328656341,328-65-6341,6618225,5627094,3519773
1454012,6725733,554074624,554-07-4624,6452692,5627095,3519774
1454013,6725732,175049051,175-04-9051,6452971,5627096,3519775
1454014,6725731,767897903,767-89-7903,6453616,5627097,3519776
1454015,6725730,522898888,522-89-8888,6619382,5627098,3519777
1454016,6725729,371083014,371-08-3014,6618257,5627099,3519778
1454017,6725728,694676984,694-67-6984,6453440,5627100,3519779
1454018,6725727,449206280,449-20-6280,6453122,5627101,3519780
1454019,6725726,136968975,136-96-8975,6618386,5627102,3519781
1454020,6725725,313892841,313-89-2841,6618335,5627103,3519782
1454021,6725724,595976076,595-97-6076,6452737,5627104,3519783
1454022,6725723,133869108,133-86-9108,6453113,5627105,3519784
1454023,6725722,544249153,544-24-9153,6453873,5627106,3519785
1454024,6725721,293417427,293-41-7427,6618377,5627107,3519786
1454025,6725720,881884149,881-88-4149,6453127,5627108,3519787
1454026,6725719,253233816,253-23-3816,6618183,5627109,3519788
1454027,6725718,817837205,817-83-7205,6620014,5627110,3519789
1454028,6725717,565585967,565-58-5967,6620048,5627111,3519790
1454029,6725716,513105875,513-10-5875,6619261,5627112,3519791
1454030,6725715,341440028,341-44-0028,6618988,5627113,3519792
1454031,6725714,951592328,951-59-2328,6618202,5627114,3519793
1454032,6725713,233849060,233-84-9060,6618577,5627115,3519794
1454033,6725712,926912633,926-91-2633,6618289,5627116,3519795
1454034,6725711,349027883,349-02-7883,6618251,5627117,3519796
1454035,6725710,921808581,921-80-8581,6452962,5627118,3519797
1454036,6725709,236568197,236-56-8197,6453064,5627119,3519798
1454037,6725708,889609574,889-60-9574,6454102,5627120,3519799
1454038,6725707,359122221,359-12-2221,6618457,5627121,3519800
1454039,6725706,938359996,938-35-9996,6452898,5627122,3519801
1454040,6725705,894104522,894-10-4522,6452917,5627123,3519802
1454041,6725704,426537559,426-53-7559,6452759,5627124,3519803
1454042,6725703,522644661,522-64-4661,6618743,5627125,3519804
1454043,6725702,775087957,775-08-7957,6452866,5627126,3519805
1454044,6725701,144420623,144-42-0623,6618595,5627127,3519806
1454045,6725700,861666195,861-66-6195,6453031,5627128,3519807
1454046,6725699,819502285,819-50-2285,6618415,5627129,3519808
1454047,6725698,893625603,893-62-5603,6452687,5627130,3519809
1454048,6725697,934814129,934-81-4129,6453344,5627131,3519810
1454049,6725696,556790711,556-79-0711,6453328,5627132,3519811
1454050,6725695,849678064,849-67-8064,6618288,5627133,3519812
1454051,6725694,679589893,679-58-9893,6618712,5627134,3519813
1454052,6725693,492292656,492-29-2656,6453029,5627135,3519814
1454053,6725692,213794793,213-79-4793,6618548,5627136,3519815
1454054,6725691,762070409,762-07-0409,6453039,5627137,3519816
1454055,6725690,629188273,629-18-8273,6452989,5627138,3519817
1454056,6725689,926603121,926-60-3121,6618619,5627139,3519818
1454057,6725688,619188866,619-18-8866,6620815,5627140,3519819
1454058,6725687,277965623,277-96-5623,6453191,5627141,3519820
1454059,6725686,627074231,627-07-4231,6618338,5627142,3519821
1454060,6725685,347439185,347-43-9185,6618656,5627143,3519822
1454061,6725684,637711137,637-71-1137,6619285,5627144,3519823
1454062,6725683,398537463,398-53-7463,6620470,5627145,3519824
1454063,6725682,814396076,814-39-6076,6452889,5627146,3519825
1454064,6725681,224775252,224-77-5252,6618399,5627147,3519826
1454065,6725680,471534802,471-53-4802,6452981,5627148,3519827
1454066,6725679,914081705,914-08-1705,6453650,5627149,3519828
1454067,6725678,371951598,371-95-1598,6618910,5627150,3519829
1454068,6725677,524484621,524-48-4621,6618350,5627151,3519830
1454069,6725676,234071488,234-07-1488,6452808,5627152,3519831
1454070,6725675,427000370,427-00-0370,6619774,5627153,3519832
1454071,6725674,179958472,179-95-8472,6618281,5627154,3519833
1454072,6725673,326341825,326-34-1825,6618604,5627155,3519834
1454073,6725672,128915828,128-91-5828,6453059,5627156,3519835
1454074,6725671,615719431,615-71-9431,6452979,5627157,3519836
1454075,6725670,568401698,568-40-1698,6618899,5627158,3519837
1454076,6725669,695869309,695-86-9309,6618180,5627159,3519838
1454077,6725668,165733093,165-73-3093,6618589,5627160,3519839
1454078,6725667,251349329,251-34-9329,6452666,5627161,3519840
1454079,6725666,391951446,391-95-1446,6452946,5627162,3519841
1454080,6725665,789512005,789-51-2005,6618320,5627163,3519842
1454081,6725664,175175405,175-17-5405,6452722,5627164,3519843
1454082,6725663,536562435,536-56-2435,6619006,5627165,3519844
1454083,6725662,883349022,883-34-9022,6618714,5627166,3519845
1454084,6725661,498261955,498-26-1955,6618212,5627167,3519846
1454085,6725660,183662517,183-66-2517,6452756,5627168,3519847
1454086,6725659,136257529,136-25-7529,6620263,5627169,3519848
1454087,6725658,525168025,525-16-8025,6452927,5627170,3519849
1454088,6725657,286726101,286-72-6101,6619391,5627171,3519850
1454089,6725656,325930839,325-93-0839,6452880,5627172,3519851
1454090,6725655,474621527,474-62-1527,6618331,5627173,3519852
1454091,6725654,776964373,776-96-4373,6618971,5627174,3519853
1454092,6725653,245007866,245-00-7866,6618139,5627175,3519854
1454093,6725652,854505474,854-50-5474,6452764,5627176,3519855
1454094,6725651,695054492,695-05-4492,6618669,5627177,3519856
1454095,6725650,869604881,869-60-4881,6453970,5627178,3519857
1454096,6725649,239177424,239-17-7424,6452942,5627179,3519858
1454097,6725648,671103551,671-10-3551,6453156,5627180,3519859
1454098,6725647,654072257,654-07-2257,6618308,5627181,3519860
1454099,6725646,619676160,619-67-6160,6618171,5627182,3519861
1454100,6725645,816971050,816-97-1050,6618362,5627183,3519862
1454101,6725644,678420635,678-42-0635,6618195,5627184,3519863
1454102,6725643,187559559,187-55-9559,6618266,5627185,3519864
1454103,6725642,948352717,948-35-2717,6619338,5627186,3519865
1454104,6725641,866372935,866-37-2935,6452775,5627187,3519866
1454105,6725640,632468190,632-46-8190,6618169,5627188,3519867
1454106,6725639,925487368,925-48-7368,6453132,5627189,3519868
1454107,6725638,352877421,352-87-7421,6618287,5627190,3519869
1454108,6725637,548916410,548-91-6410,6452743,5627191,3519870
1454109,6725636,724524074,724-52-4074,6618470,5627192,3519871
1454110,6725635,998409144,998-40-9144,6619065,5627193,3519872
1454111,6725634,258688145,258-68-8145,6619212,5627194,3519873
1454112,6725633,628194396,628-19-4396,6453036,5627195,3519874
1454113,6725632,255904375,255-90-4375,6618864,5627196,3519875
1454114,6725631,872084414,872-08-4414,6618256,5627197,3519876
1454115,6725630,445225339,445-22-5339,6618071,5627198,3519877
1454116,6725629,982858913,982-85-8913,6453016,5627199,3519878
1454117,6725628,223945851,223-94-5851,6618216,5627200,3519879
1454118,6725627,179986182,179-98-6182,6452718,5627201,3519880
1454119,6725626,764678400,764-67-8400,6618720,5627202,3519881
1454120,6725625,312730117,312-73-0117,6618327,5627203,3519882
1454121,6725624,656738534,656-73-8534,6452938,5627204,3519883
1454122,6725623,134650957,134-65-0957,6618344,5627205,3519884
1454123,6725622,923077686,923-07-7686,6620199,5627206,3519885
1454124,6725621,553684981,553-68-4981,6618395,5627207,3519886
1454125,6725620,649762558,649-76-2558,6619264,5627208,3519887
1454126,6725619,155632846,155-63-2846,6618155,5627209,3519888
1454127,6725618,239850996,239-85-0996,6619047,5627210,3519889
1454128,6725617,962823407,962-82-3407,6453045,5627211,3519890
1454129,6725616,572434151,572-43-4151,6618272,5627212,3519891
1454130,6725615,234824044,234-82-4044,6619950,5627213,3519892
1454131,6725614,776425660,776-42-5660,6452771,5627214,3519893
1454132,6725613,377340416,377-34-0416,6618679,5627215,3519894
1454133,6725612,229133726,229-13-3726,6452757,5627216,3519895
1454134,6725611,497726001,497-72-6001,6618262,5627217,3519896
1454135,6725610,956144757,956-14-4757,6618229,5627218,3519897
1454136,6725609,951306760,951-30-6760,6618104,5627219,3519898
1454137,6725608,796602715,796-60-2715,6618733,5627220,3519899
1454138,6725607,236619500,236-61-9500,6618755,5627221,3519900
1454139,6725606,317193648,317-19-3648,6618836,5627222,3519901
1454140,6725605,899564614,899-56-4614,6618348,5627223,3519902
1454141,6725604,485934376,485-93-4376,6618513,5627224,3519903
1454142,6725603,569971836,569-97-1836,6618134,5627225,3519904
1454143,6725602,665337933,665-33-7933,6452689,5627226,3519905
1454144,6725601,352941670,352-94-1670,6618455,5627227,3519906
1454145,6725600,775560386,775-56-0386,6620411,5627228,3519907
1454146,6725599,247427710,247-42-7710,6618173,5627229,3519908
1454147,6725598,744866518,744-86-6518,6618424,5627230,3519909
1454148,6725597,137473556,137-47-3556,6618095,5627231,3519910
1454149,6725596,591972678,591-97-2678,6620016,5627232,3519911
1454150,6725595,465961451,465-96-1451,6618170,5627233,3519912
1454151,6725594,982333256,982-33-3256,6452925,5627234,3519913
1454152,6725593,136305959,136-30-5959,6452977,5627235,3519914
1454153,6725592,317363993,317-36-3993,6618654,5627236,3519915
1454154,6725591,165116577,165-11-6577,6453633,5627237,3519916
1454155,6725590,212739544,212-73-9544,6619244,5627238,3519917
1454156,6725589,276690674,276-69-0674,6618391,5627239,3519918
1454157,6725588,227578255,227-57-8255,6618084,5627240,3519919
1454158,6725587,193577271,193-57-7271,6452709,5627241,3519920
1454159,6725586,872437507,872-43-7507,6618518,5627242,3519921
1454160,6725585,547081841,547-08-1841,6618609,5627243,3519922
1454161,6725584,351787179,351-78-7179,6619438,5627244,3519923
1454162,6725583,811728503,811-72-8503,6618050,5627245,3519924
1454163,6725582,566828682,566-82-8682,6618504,5627246,3519925
1454164,6725581,796956149,796-95-6149,6620081,5627247,3519926
1454165,6725580,221540682,221-54-0682,6452826,5627248,3519927
1454166,6725579,611710943,611-71-0943,6618878,5627249,3519928
1454167,6725578,584671383,584-67-1383,6618382,5627250,3519929
1454168,6725577,159988180,159-98-8180,6452941,5627251,3519930
1454169,6725576,119948891,119-94-8891,6618037,5627252,3519931
1454170,6725575,978059771,978-05-9771,6618036,5627253,3519932
1454171,6725574,294931901,294-93-1901,6619599,5627254,3519933
1454172,6725573,512175176,512-17-5176,6453180,5627255,3519934
1454173,6725572,388300499,388-30-0499,6619255,5627256,3519935
1454174,6725571,976308077,976-30-8077,6618196,5627257,3519936
1454175,6725570,481964430,481-96-4430,6452912,5627258,3519937
1454176,6725569,934244031,934-24-4031,6618462,5627259,3519938
1454177,6725568,546404747,546-40-4747,6619431,5627260,3519939
1454178,6725567,697604111,697-60-4111,6618607,5627261,3519940
1454179,6725566,169011949,169-01-1949,6453575,5627262,3519941
1454180,6725565,814353454,814-35-3454,6618008,5627263,3519942
1454181,6725564,467469389,467-46-9389,6618123,5627264,3519943
1454182,6725563,454337895,454-33-7895,6620539,5627265,3519944
1454183,6725562,443342694,443-34-2694,6618124,5627266,3519945
1454184,6725561,724670935,724-67-0935,6452683,5627267,3519946
1454185,6725560,549950377,549-95-0377,6618361,5627268,3519947
1454186,6725559,333208648,333-20-8648,6618153,5627269,3519948
1454187,6725558,989434726,989-43-4726,6619435,5627270,3519949
1454188,6725557,155543371,155-54-3371,6453216,5627271,3519950
1454189,6725556,467207738,467-20-7738,6618205,5627272,3519951
1454190,6725555,228268075,228-26-8075,6452874,5627273,3519952
1454191,6725554,774113420,774-11-3420,6618214,5627274,3519953
1454192,6725553,528891136,528-89-1136,6618702,5627275,3519954
1454193,6725552,119120061,119-12-0061,6620326,5627276,3519955
1454194,6725551,329151363,329-15-1363,6618938,5627277,3519956
1454195,6725550,612253724,612-25-3724,6618208,5627278,3519957
1454196,6725549,297299516,297-29-9516,6618103,5627279,3519958
1454197,6725548,629684427,629-68-4427,6618244,5627280,3519959
1454198,6725547,316221153,316-22-1153,6618310,5627281,3519960
1454199,6725546,772890227,772-89-0227,6619239,5627282,3519961
1454200,6725545,343012215,343-01-2215,6454645,5627283,3519962
1454201,6725544,999056596,999-05-6596,6618057,5627284,3519963
1454202,6725543,287260759,287-26-0759,6619048,5627285,3519964
1454203,6725542,852837106,852-83-7106,6452893,5627286,3519965
1454204,6725541,467712971,467-71-2971,6618482,5627287,3519966
1454205,6725540,322787504,322-78-7504,6453444,5627288,3519967
1454206,6725539,957030902,957-03-0902,6618824,5627289,3519968
1454207,6725538,359458418,359-45-8418,6618329,5627290,3519969
1454208,6725537,162592794,162-59-2794,6617993,5627291,3519970
1454209,6725536,813686204,813-68-6204,6619112,5627292,3519971
1454210,6725535,421394695,421-39-4695,6618838,5627293,3519972
1454211,6725534,189411545,189-41-1545,6618273,5627294,3519973
1454212,6725533,246359697,246-35-9697,6618279,5627295,3519974
1454213,6725532,376817256,376-81-7256,6618336,5627296,3519975
1454214,6725531,623129155,623-12-9155,6618004,5627297,3519976
1454215,6725530,333801247,333-80-1247,6618540,5627298,3519977
1454216,6725529,769404887,769-40-4887,6618240,5627299,3519978
1454217,6725528,869271301,869-27-1301,6618295,5627300,3519979
1454218,6725527,768619894,768-61-9894,6452663,5627301,3519980
1454219,6725526,354886584,354-88-6584,6452708,5627302,3519981
1454220,6725525,553667694,553-66-7694,6452710,5627303,3519982
1454221,6725524,386559191,386-55-9191,6619989,5627304,3519983
1454222,6725523,912999764,912-99-9764,6452730,5627305,3519984
1454223,6725522,967481245,967-48-1245,6618209,5627306,3519985
1454224,6725521,732986804,732-98-6804,6618549,5627307,3519986
1454225,6725520,358188440,358-18-8440,6618035,5627308,3519987
1454226,6725519,611256203,611-25-6203,6453116,5627309,3519988
1454227,6725518,463049234,463-04-9234,6452794,5627310,3519989
1454228,6725517,437333706,437-33-3706,6619980,5627311,3519990
1454229,6725516,174393274,174-39-3274,6618116,5627312,3519991
1454230,6725515,496882227,496-88-2227,6618417,5627313,3519992
1454231,6725514,142952361,142-95-2361,6618268,5627314,3519993
1454232,6725513,261735727,261-73-5727,6617979,5627315,3519994
1454233,6725512,357446530,357-44-6530,6619194,5627316,3519995
1454234,6725511,649707168,649-70-7168,6452813,5627317,3519996
1454235,6725510,628211829,628-21-1829,6619009,5627318,3519997
1454236,6725509,327607276,327-60-7276,6453115,5627319,3519998
1454237,6725508,952204841,952-20-4841,6453760,5627320,3519999
1454238,6725507,519203031,519-20-3031,6618323,5627321,3520000
1454239,6725506,366887755,366-88-7755,6618464,5627322,3520001
1454240,6725505,219368497,219-36-8497,6618185,5627323,3520002
1454241,6725504,512778194,512-77-8194,6452767,5627324,3520003
1454242,6725503,115920707,115-92-0707,6619396,5627325,3520004
1454243,6725502,374570115,374-57-0115,6453024,5627326,3520005
1454244,6725501,147912888,147-91-2888,6453081,5627327,3520006
1454245,6725500,768121937,768-12-1937,6620257,5627328,3520007
1454246,6725499,569968977,569-96-8977,6618110,5627329,3520008
1454247,6725498,876284930,876-28-4930,6618776,5627330,3520009
1454248,6725497,941458910,941-45-8910,6619059,5627331,3520010
1454249,6725496,399227682,399-22-7682,6452770,5627332,3520011
1454250,6725495,777293785,777-29-3785,6452776,5627333,3520012
1454251,6725494,268459884,268-45-9884,6618022,5627334,3520013
1454252,6725493,769930587,769-93-0587,6618638,5627335,3520014
1454253,6725492,718994270,718-99-4270,6617960,5627336,3520015
1454254,6725491,154898960,154-89-8960,6618347,5627337,3520016
1454255,6725490,343145602,343-14-5602,6452881,5627338,3520017
1454256,6725489,234999791,234-99-9791,6618392,5627339,3520018
1454257,6725488,467268034,467-26-8034,6452833,5627340,3520019
1454258,6725487,844645855,844-64-5855,6619460,5627341,3520020
1454259,6725486,664713176,664-71-3176,6619041,5627342,3520021
1454260,6725485,584432477,584-43-2477,6453055,5627343,3520022
1454261,6725484,984171171,984-17-1171,6453015,5627344,3520023
1454262,6725483,563182480,563-18-2480,6618097,5627345,3520024
1454263,6725482,275150169,275-15-0169,6453106,5627346,3520025
1454264,6725481,232384427,232-38-4427,6618274,5627347,3520026
1454265,6725480,387445940,387-44-5940,6619816,5627348,3520027
1454266,6725479,126046749,126-04-6749,6618640,5627349,3520028
1454267,6725478,343927700,343-92-7700,6620015,5627350,3520029
1454268,6725477,563808385,563-80-8385,6619087,5627351,3520030
1454269,6725476,681870543,681-87-0543,6618197,5627352,3520031
1454270,6725475,867396247,867-39-6247,6618060,5627353,3520032
1454271,6725474,347863369,347-86-3369,6453847,5627354,3520033
1454272,6725473,516469846,516-46-9846,6452714,5627355,3520034
1454273,6725472,123785681,123-78-5681,6618941,5627356,3520035
1454274,6725471,667526406,667-52-6406,6618825,5627357,3520036
1454275,6725470,624638604,624-63-8604,6618231,5627358,3520037
1454276,6725469,881732809,881-73-2809,6617961,5627359,3520038
1454277,6725468,817083705,817-08-3705,6619445,5627360,3520039
1454278,6725467,479555222,479-55-5222,6619428,5627361,3520040
1454279,6725466,876999315,876-99-9315,6452761,5627362,3520041
1454280,6725465,164283916,164-28-3916,6453553,5627363,3520042
1454281,6725464,197965904,197-96-5904,6452858,5627364,3520043
1454282,6725463,669621418,669-62-1418,6619627,5627365,3520044
1454283,6725462,681193852,681-19-3852,6452913,5627366,3520045
1454284,6725461,544439120,544-43-9120,6452675,5627367,3520046
1454285,6725460,198964686,198-96-4686,6619139,5627368,3520047
1454286,6725459,552240595,552-24-0595,6452840,5627369,3520048
1454287,6725458,742315691,742-31-5691,6618533,5627370,3520049
1454288,6725457,946930041,946-93-0041,6618105,5627371,3520050
1454289,6725456,347255719,347-25-5719,6618082,5627372,3520051
1454290,6725455,477463779,477-46-3779,6618670,5627373,3520052
1454291,6725454,343024304,343-02-4304,6452711,5627374,3520053
1454292,6725453,338652046,338-65-2046,6619354,5627375,3520054
1454293,6725452,667592350,667-59-2350,6618106,5627376,3520055
1454294,6725451,938141941,938-14-1941,6618156,5627377,3520056
1454295,6725450,763065349,763-06-5349,6618421,5627378,3520057
1454296,6725449,813151499,813-15-1499,6618316,5627379,3520058
1454297,6725448,516198248,516-19-8248,6618131,5627380,3520059
1454298,6725447,897033668,897-03-3668,6452886,5627381,3520060
1454299,6725446,253553929,253-55-3929,6620499,5627382,3520061
1454300,6725445,752059693,752-05-9693,6618135,5627383,3520062
1454301,6725444,669766209,669-76-6209,6453975,5627384,3520063
1454302,6725443,497824777,497-82-4777,6453121,5627385,3520064
1454303,6725442,998161548,998-16-1548,6452991,5627386,3520065
1454304,6725441,413803446,413-80-3446,6619941,5627387,3520066
1454305,6725440,934846598,934-84-6598,6618052,5627388,3520067
1454306,6725439,724547597,724-54-7597,6620488,5627389,3520068
1454307,6725438,958229882,958-22-9882,6452811,5627390,3520069
1454308,6725437,214001074,214-00-1074,6618299,5627391,3520070
1454309,6725436,719559591,719-55-9591,6452916,5627392,3520071
1454310,6725435,269131586,269-13-1586,6617924,5627393,3520072
1454311,6725434,476443949,476-44-3949,6604855,5627394,3520073
1454312,6725433,333524338,333-52-4338,6618149,5627395,3520074
1454313,6725432,175916491,175-91-6491,6618564,5627396,3520075
1454314,6725431,165095637,165-09-5637,6618012,5627397,3520076
1454315,6725430,959549631,959-54-9631,6618324,5627398,3520077
1454316,6725429,662399927,662-39-9927,6618277,5627399,3520078
1454317,6725428,942681872,942-68-1872,6618243,5627400,3520079
1454318,6725427,846584110,846-58-4110,6452921,5627401,3520080
1454319,6725426,299926689,299-92-6689,6453144,5627402,3520081
1454320,6725425,519639588,519-63-9588,6617968,5627403,3520082
1454321,6725424,874852683,874-85-2683,6453258,5627404,3520083
1454322,6725423,786672358,786-67-2358,6452922,5627405,3520084
1454323,6725422,845209869,845-20-9869,6618742,5627406,3520085
1454324,6725421,683620979,683-62-0979,6453668,5627407,3520086
1454325,6725420,789175329,789-17-5329,6604816,5627408,3520087
1454326,6725419,135108968,135-10-8968,6619143,5627409,3520088
1454327,6725418,659191539,659-19-1539,6618663,5627410,3520089
1454328,6725417,396321630,396-32-1630,6452919,5627411,3520090
1454329,6725416,578598237,578-59-8237,6619482,5627412,3520091
1454330,6725415,439431693,439-43-1693,6452760,5627413,3520092
1454331,6725414,745222366,745-22-2366,6618144,5627414,3520093
1454332,6725413,671548087,671-54-8087,6618062,5627415,3520094
1454333,6725412,378891960,378-89-1960,6452868,5627416,3520095
1454334,6725411,222412577,222-41-2577,6604859,5627417,3520096
1454335,6725410,315333664,315-33-3664,6452828,5627418,3520097
1454336,6725409,265422548,265-42-2548,6618397,5627419,3520098
1454337,6725408,323828384,323-82-8384,6617973,5627420,3520099
1454338,6725407,543798131,543-79-8131,6618109,5627421,3520100
1454339,6725406,255123096,255-12-3096,6618445,5627422,3520101
1454340,6725405,262587039,262-58-7039,6453089,5627423,3520102
1454341,6725404,956403739,956-40-3739,6452677,5627424,3520103
1454342,6725403,361782138,361-78-2138,6618298,5627425,3520104
1454343,6725402,183501022,183-50-1022,6453012,5627426,3520105
1454344,6725401,133799023,133-79-9023,6619447,5627427,3520106
1454345,6725400,273269587,273-26-9587,6617959,5627428,3520107
1454346,6725399,731010690,731-01-0690,6453150,5627429,3520108
1454347,6725398,219617229,219-61-7229,6618253,5627430,3520109
1454348,6725397,529024750,529-02-4750,6604848,5627431,3520110
1454349,6725396,851564362,851-56-4362,6452918,5627432,3520111
1454350,6725395,396680442,396-68-0442,6619037,5627433,3520112
1454351,6725394,278746841,278-74-6841,6604831,5627434,3520113
1454352,6725393,544918812,544-91-8812,6453018,5627435,3520114
1454353,6725392,337256715,337-25-6715,6452684,5627436,3520115
1454354,6725391,231911328,231-91-1328,6618126,5627437,3520116
1454355,6725390,429758614,429-75-8614,6622992,5627438,3520117
1454356,6725389,477502471,477-50-2471,6452853,5627439,3520118
1454357,6725388,315216998,315-21-6998,6453306,5627440,3520119
1454358,6725387,689184024,689-18-4024,6618020,5627441,3520120
1454359,6725386,213754888,213-75-4888,6618025,5627442,3520121
1454360,6725385,811283498,811-28-3498,6617941,5627443,3520122
1454361,6725384,223078782,223-07-8782,6453363,5627444,3520123
1454362,6725383,826595089,826-59-5089,6621329,5627445,3520124
1454363,6725382,288722935,288-72-2935,6619998,5627446,3520125
1454364,6725381,583785002,583-78-5002,6454150,5627447,3520126
1454365,6725380,793185992,793-18-5992,6452933,5627448,3520127
1454366,6725379,844305466,844-30-5466,6453082,5627449,3520128
1454367,6725378,684423861,684-42-3861,6453701,5627450,3520129
1454368,6725377,353117846,353-11-7846,6453427,5627451,3520130
1454369,6725376,576651642,576-65-1642,6604797,5627452,3520131
1454370,6725375,647549243,647-54-9243,6618206,5627453,3520132
1454371,6725374,975430378,975-43-0378,6618270,5627454,3520133
1454372,6725373,371384273,371-38-4273,6452745,5627455,3520134
1454373,6725372,283146499,283-14-6499,6617926,5627456,3520135
1454374,6725371,692904622,692-90-4622,6618006,5627457,3520136
1454375,6725370,468186509,468-18-6509,6620589,5627458,3520137
1454376,6725369,174727975,174-72-7975,6618661,5627459,3520138
1454377,6725368,388889588,388-88-9588,6617983,5627460,3520139
1454378,6725367,418779538,418-77-9538,6452652,5627461,3520140
1454379,6725366,266406028,266-40-6028,6618598,5627462,3520141
1454380,6725365,572316030,572-31-6030,6618241,5627463,3520142
1454381,6725364,269987957,269-98-7957,6617954,5627464,3520143
1454382,6725363,321381578,321-38-1578,6604835,5627465,3520144
1454383,6725362,374425765,374-42-5765,6618250,5627466,3520145
1454384,6725361,348763962,348-76-3962,6619834,5627467,3520146
1454385,6725360,491569149,491-56-9149,6618115,5627468,3520147
1454386,6725359,713944535,713-94-4535,6452791,5627469,3520148
1454387,6725358,171831514,171-83-1514,6619681,5627470,3520149
1454388,6725357,926158661,926-15-8661,6618707,5627471,3520150
1454389,6725356,694363330,694-36-3330,6452656,5627472,3520151
1454390,6725355,675662040,675-66-2040,6452879,5627473,3520152
1454391,6725354,833403759,833-40-3759,6619907,5627474,3520153
1454392,6725353,164381609,164-38-1609,6618691,5627475,3520154
1454393,6725352,483145747,483-14-5747,6620347,5627476,3520155
1454394,6725351,217286924,217-28-6924,6618300,5627477,3520156
1454395,6725350,234271434,234-27-1434,6604800,5627478,3520157
1454396,6725349,275351715,275-35-1715,6618587,5627479,3520158
1454397,6725348,213055818,213-05-5818,6618964,5627480,3520159
1454398,6725347,779768346,779-76-8346,6618078,5627481,3520160
1454399,6725346,263846828,263-84-6828,6618385,5627482,3520161
1454400,6725345,156817642,156-81-7642,6452902,5627483,3520162
1454401,6725344,756810546,756-81-0546,6452792,5627484,3520163
1454402,6725343,788009395,788-00-9395,6618330,5627485,3520164
1454403,6725342,297845401,297-84-5401,6452758,5627486,3520165
1454404,6725341,548535988,548-53-5988,6618065,5627487,3520166
1454405,6725340,563565882,563-56-5882,6618232,5627488,3520167
1454406,6725339,894722101,894-72-2101,6452784,5627489,3520168
1454407,6725338,179593049,179-59-3049,6604743,5627490,3520169
1454408,6725337,727165354,727-16-5354,6618994,5627491,3520170
1454409,6725336,727592688,727-59-2688,6618800,5627492,3520171
1454410,6725335,345070015,345-07-0015,6452686,5627493,3520172
1454411,6725334,169695239,169-69-5239,6618782,5627494,3520173
1454412,6725333,144654190,144-65-4190,6619021,5627495,3520174
1454413,6725332,862825360,862-82-5360,6617994,5627496,3520175
1454414,6725331,131848314,131-84-8314,6619845,5627497,3520176
1454415,6725330,736198302,736-19-8302,6618021,5627498,3520177
1454416,6725329,336404981,336-40-4981,6617953,5627499,3520178
1454417,6725328,319457003,319-45-7003,6452763,5627500,3520179
1454418,6725327,463694160,463-69-4160,6453210,5627501,3520180
1454419,6725326,177752415,177-75-2415,6618439,5627502,3520181
1454420,6725325,422443690,422-44-3690,6621227,5627503,3520182
1454421,6725324,653677435,653-67-7435,6618686,5627504,3520183
1454422,6725323,658581293,658-58-1293,6619075,5627505,3520184
1454423,6725322,833221512,833-22-1512,6618136,5627506,3520185
1454424,6725321,369871780,369-87-1780,6453040,5627507,3520186
1454425,6725320,653038759,653-03-8759,6452947,5627508,3520187
1454426,6725319,687695985,687-69-5985,6618545,5627509,3520188
1454427,6725318,751729713,751-72-9713,6618734,5627510,3520189
1454428,6725317,826306913,826-30-6913,6453343,5627511,3520190
1454429,6725316,616831205,616-83-1205,6618255,5627512,3520191
1454430,6725315,659384421,659-38-4421,6619581,5627513,3520192
1454431,6725314,755181286,755-18-1286,6618099,5627514,3520193
1454432,6725313,298888622,298-88-8622,6618145,5627515,3520194
1454433,6725312,525821539,525-82-1539,6452896,5627516,3520195
1454434,6725311,179851380,179-85-1380,6619345,5627517,3520196
1454435,6725310,629182028,629-18-2028,6618190,5627518,3520197
1454436,6725309,872815930,872-81-5930,6452870,5627519,3520198
1454437,6725308,616410137,616-41-0137,6604751,5627520,3520199
1454438,6725307,345968476,345-96-8476,6619351,5627521,3520200
1454439,6725306,176085221,176-08-5221,6617943,5627522,3520201
1454440,6725305,419504486,419-50-4486,6618400,5627523,3520202
1454441,6725304,453444826,453-44-4826,6618409,5627524,3520203
1454442,6725303,616103372,616-10-3372,6619043,5627525,3520204
1454443,6725302,731818134,731-81-8134,6452715,5627526,3520205
1454444,6725301,457639189,457-63-9189,6618204,5627527,3520206
1454445,6725300,431721111,431-72-1111,6618414,5627528,3520207
1454446,6725299,655149791,655-14-9791,6619330,5627529,3520208
1454447,6725298,621817435,621-81-7435,6617945,5627530,3520209
1454448,6725297,595095346,595-09-5346,6618342,5627531,3520210
1454449,6725296,114023893,114-02-3893,6618384,5627532,3520211
1454450,6725295,878819375,878-81-9375,6604794,5627533,3520212
1454451,6725294,917648011,917-64-8011,6618259,5627534,3520213
1454452,6725293,184949640,184-94-9640,6452949,5627535,3520214
1454453,6725292,856657791,856-65-7791,6619613,5627536,3520215
1454454,6725291,663743113,663-74-3113,6453205,5627537,3520216
1454455,6725290,458696586,458-69-6586,6619328,5627538,3520217
1454456,6725289,396469460,396-46-9460,6453056,5627539,3520218
1454457,6725288,646641626,646-64-1626,6618166,5627540,3520219
1454458,6725287,615501420,615-50-1420,6619271,5627541,3520220
1454459,6725286,169120792,169-12-0792,6453704,5627542,3520221
1454460,6725285,658580267,658-58-0267,6604699,5627543,3520222
1454461,6725284,378528521,378-52-8521,6452655,5627544,3520223
1454462,6725283,273699423,273-69-9423,6604766,5627545,3520224
1454463,6725282,324987344,324-98-7344,6619107,5627546,3520225
1454464,6725281,133412841,133-41-2841,6618366,5627547,3520226
1454465,6725280,194056725,194-05-6725,6453448,5627548,3520227
1454466,6725279,776925200,776-92-5200,6604670,5627549,3520228
1454467,6725278,798414929,798-41-4929,6453358,5627550,3520229
1454468,6725277,499650257,499-65-0257,6618794,5627551,3520230
1454469,6725276,915285270,915-28-5270,6618771,5627552,3520231
1454470,6725275,624438092,624-43-8092,6453117,5627553,3520232
1454471,6725274,428882768,428-88-2768,6619324,5627554,3520233
1454472,6725273,913987693,913-98-7693,6452769,5627555,3520234
1454473,6725272,238533384,238-53-3384,6604666,5627556,3520235
1454474,6725271,492452556,492-45-2556,6618013,5627557,3520236
1454475,6725270,379643249,379-64-3249,6618098,5627558,3520237
1454476,6725269,341888502,341-88-8502,6453184,5627559,3520238
1454477,6725268,845899269,845-89-9269,6619625,5627560,3520239
1454478,6725267,563838435,563-83-8435,6604745,5627561,3520240
1454479,6725266,633627130,633-62-7130,6618092,5627562,3520241
1454480,6725265,349506424,349-50-6424,6619886,5627563,3520242
1454481,6725264,654291922,654-29-1922,6617955,5627564,3520243
1454482,6725263,548589095,548-58-9095,6619747,5627565,3520244
1454483,6725262,511714279,511-71-4279,6619409,5627566,3520245
1454484,6725261,671126633,671-12-6633,6452824,5627567,3520246
1454485,6725260,826231825,826-23-1825,6618364,5627568,3520247
1454486,6725259,471934704,471-93-4704,6618528,5627569,3520248
1454487,6725258,525531325,525-53-1325,6604832,5627570,3520249
1454488,6725257,988421572,988-42-1572,6618067,5627571,3520250
1454489,6725256,194983241,194-98-3241,6618541,5627572,3520251
1454490,6725255,621001671,621-00-1671,6604807,5627573,3520252
1454491,6725254,224556657,224-55-6657,6618237,5627574,3520253
1454492,6725253,889536203,889-53-6203,6619012,5627575,3520254
1454493,6725252,337394872,337-39-4872,6618425,5627576,3520255
1454494,6725251,344990609,344-99-0609,6604739,5627577,3520256
1454495,6725250,149613706,149-61-3706,6452654,5627578,3520257
1454496,6725249,168296963,168-29-6963,6604662,5627579,3520258
1454497,6725248,137638119,137-63-8119,6604840,5627580,3520259
1454498,6725247,694855479,694-85-5479,6604792,5627581,3520260
1454499,6725246,793742006,793-74-2006,6617977,5627582,3520261
1454500,6725245,239613039,239-61-3039,6453065,5627583,3520262
1454501,6725244,666932756,666-93-2756,6452993,5627584,3520263
1454502,6725243,787716899,787-71-6899,6618292,5627585,3520264
1454503,6725242,425244226,425-24-4226,6452671,5627586,3520265
1454504,6725241,622971905,622-97-1905,6452682,5627587,3520266
1454505,6725240,394352897,394-35-2897,6618265,5627588,3520267
1454506,6725239,532680623,532-68-0623,6618700,5627589,3520268
1454507,6725238,589594395,589-59-4395,6618885,5627590,3520269
1454508,6725237,469437214,469-43-7214,6617951,5627591,3520270
1454509,6725236,764677456,764-67-7456,6452892,5627592,3520271
1454510,6725235,576124662,576-12-4662,6618191,5627593,3520272
1454511,6725234,528757676,528-75-7676,6620009,5627594,3520273
1454512,6725233,876718757,876-71-8757,6604779,5627595,3520274
1454513,6725232,774637141,774-63-7141,6452837,5627596,3520275
1454514,6725231,256292938,256-29-2938,6618010,5627597,3520276
1454515,6725230,831010568,831-01-0568,6618016,5627598,3520277
1454516,6725229,858510727,858-51-0727,6618086,5627599,3520278
1454517,6725228,123017854,123-01-7854,6453076,5627600,3520279
1454518,6725227,686108753,686-10-8753,6604629,5627601,3520280
1454519,6725226,766266120,766-26-6120,6453275,5627602,3520281
1454520,6725225,655640253,655-64-0253,6604626,5627603,3520282
1454521,6725224,958789048,958-78-9048,6621416,5627604,3520283
1454522,6725223,412881508,412-88-1508,6618059,5627605,3520284
1454523,6725222,331511711,331-51-1711,6452816,5627606,3520285
1454524,6725221,522076411,522-07-6411,6618048,5627607,3520286
1454525,6725220,844164610,844-16-4610,6604758,5627608,3520287
1454526,6725219,265926086,265-92-6086,6604760,5627609,3520288
1454527,6725218,917284864,917-28-4864,6604747,5627610,3520289
1454528,6725217,759613942,759-61-3942,6618460,5627611,3520290
1454529,6725216,692444705,692-44-4705,6618125,5627612,3520291
1454530,6725215,921274514,921-27-4514,6604845,5627613,3520292
1454531,6725214,765843162,765-84-3162,6619223,5627614,3520293
1454532,6725213,986170699,986-17-0699,6617931,5627615,3520294
1454533,6725212,461142709,461-14-2709,6604724,5627616,3520295
1454534,6725211,228872463,228-87-2463,6453037,5627617,3520296
1454535,6725210,116533450,116-53-3450,6618819,5627618,3520297
1454536,6725209,472312439,472-31-2439,6618175,5627619,3520298
1454537,6725208,475289817,475-28-9817,6619116,5627620,3520299
1454538,6725207,777522723,777-52-2723,6618499,5627621,3520300
1454539,6725206,162840981,162-84-0981,6604632,5627622,3520301
1454540,6725205,392008396,392-00-8396,6618032,5627623,3520302
1454541,6725204,266227617,266-22-7617,6618306,5627624,3520303
1454542,6725203,548561954,548-56-1954,6618027,5627625,3520304
1454543,6725202,836468765,836-46-8765,6604838,5627626,3520305
1454544,6725201,847803474,847-80-3474,6453090,5627627,3520306
1454545,6725200,986508733,986-50-8733,6452963,5627628,3520307
1454546,6725199,325093244,325-09-3244,6618849,5627629,3520308
1454547,6725198,299905912,299-90-5912,6618506,5627630,3520309
1454548,6725197,533351163,533-35-1163,6620211,5627631,3520310
1454549,6725196,684525076,684-52-5076,6618063,5627632,3520311
1454550,6725195,721932217,721-93-2217,6617997,5627633,3520312
1454551,6725194,632725728,632-72-5728,6618215,5627634,3520313
1454552,6725193,733912744,733-91-2744,6452662,5627635,3520314
1454553,6725192,951272699,951-27-2699,6618007,5627636,3520315
1454554,6725191,352382042,352-38-2042,6618137,5627637,3520316
1454555,6725190,764275865,764-27-5865,6618120,5627638,3520317
1454556,6725189,316892572,316-89-2572,6618049,5627639,3520318
1454557,6725188,585384319,585-38-4319,6604682,5627640,3520319
1454558,6725187,635304398,635-30-4398,6604696,5627641,3520320
1454559,6725186,186766230,186-76-6230,6618119,5627642,3520321
1454560,6725185,654990370,654-99-0370,6618087,5627643,3520322
1454561,6725184,246363106,246-36-3106,6618754,5627644,3520323
1454562,6725183,955679878,955-67-9878,6604810,5627645,3520324
1454563,6725182,287749147,287-74-9147,6452856,5627646,3520325
1454564,6725181,394759974,394-75-9974,6620166,5627647,3520326
1454565,6725180,844012878,844-01-2878,6618616,5627648,3520327
1454566,6725179,871052689,871-05-2689,6620716,5627649,3520328
1454567,6725178,356696688,356-69-6688,6452936,5627650,3520329
1454568,6725177,345612398,345-61-2398,6604663,5627651,3520330
1454569,6725176,328691054,328-69-1054,6618089,5627652,3520331
1454570,6725175,933356256,933-35-6256,6452681,5627653,3520332
1454571,6725174,264477645,264-47-7645,6618111,5627654,3520333
1454572,6725173,746031294,746-03-1294,6453560,5627655,3520334
1454573,6725172,668987307,668-98-7307,6452779,5627656,3520335
1454574,6725171,467536474,467-53-6474,6452680,5627657,3520336
1454575,6725170,155906440,155-90-6440,6604622,5627658,3520337
1454576,6725169,959652153,959-65-2153,6604721,5627659,3520338
1454577,6725168,139014486,139-01-4486,6618114,5627660,3520339
1454578,6725167,482179662,482-17-9662,6619325,5627661,3520340
1454579,6725166,154499765,154-49-9765,6620051,5627662,3520341
1454580,6725165,621849083,621-84-9083,6618902,5627663,3520342
1454581,6725164,531617877,531-61-7877,6453789,5627664,3520343
1454582,6725163,233467064,233-46-7064,6618056,5627665,3520344
1454583,6725162,495190065,495-19-0065,6452701,5627666,3520345
1454584,6725161,794189005,794-18-9005,6453077,5627667,3520346
1454585,6725160,976222560,976-22-2560,6618804,5627668,3520347
1454586,6725159,981487387,981-48-7387,6604812,5627669,3520348
1454587,6725158,997977964,997-97-7964,6618357,5627670,3520349
1454588,6725157,122120635,122-12-0635,6618246,5627671,3520350
1454589,6725156,116419026,116-41-9026,6618396,5627672,3520351
1454590,6725155,426229838,426-22-9838,6618647,5627673,3520352
1454591,6725154,321564252,321-56-4252,6604619,5627674,3520353
1454592,6725153,585524092,585-52-4092,6618223,5627675,3520354
1454593,6725152,685392802,685-39-2802,6604542,5627676,3520355
1454594,6725151,242036066,242-03-6066,6618343,5627677,3520356
1454595,6725150,169903425,169-90-3425,6453394,5627678,3520357
1454596,6725149,237255043,237-25-5043,6618435,5627679,3520358
1454597,6725148,199131019,199-13-1019,6618951,5627680,3520359
1454598,6725147,196424417,196-42-4417,6453004,5627681,3520360
1454599,6725146,884781675,884-78-1675,6453027,5627682,3520361
1454600,6725145,475966055,475-96-6055,6604823,5627683,3520362
1454601,6725144,348762129,348-76-2129,6618844,5627684,3520363
1454602,6725143,979864827,979-86-4827,6453350,5627685,3520364
1454603,6725142,581620165,581-62-0165,6617938,5627686,3520365
1454604,6725141,271290299,271-29-0299,6452842,5627687,3520366
1454605,6725140,687156401,687-15-6401,6618157,5627688,3520367
1454606,6725139,586393521,586-39-3521,6453087,5627689,3520368
1454607,6725138,795725044,795-72-5044,6604625,5627690,3520369
1454608,6725137,561603982,561-60-3982,6452668,5627691,3520370
1454609,6725136,678269404,678-26-9404,6452944,5627692,3520371
1454610,6725135,279625623,279-62-5623,6604672,5627693,3520372
1454611,6725134,144791799,144-79-1799,6604684,5627694,3520373
1454612,6725133,334649124,334-64-9124,6619690,5627695,3520374
1454613,6725132,488223755,488-22-3755,6604839,5627696,3520375
1454614,6725131,756749494,756-74-9494,6604754,5627697,3520376
1454615,6725130,469214000,469-21-4000,6618072,5627698,3520377
